<?xml version="1.0"?>
<policy type="and" name="HD_Film_Scan">
  <rule name="General/UniqueID is 93163209905223455524088656037767776073" value="UniqueID" tracktype="General" occurrence="*" operator="exists">93163209905223455524088656037767776073</rule>
  <rule name="General/FileExtension is mkv" value="FileExtension" tracktype="General" occurrence="*" operator="=">mkv</rule>
  <rule name="General/Format is Matroska" value="Format" tracktype="General" occurrence="*" operator="=">Matroska</rule>
  <rule name="General/Format_Version is 4" value="Format_Version" tracktype="General" occurrence="*" operator="=">4</rule>
  <rule name="General/FrameRate is 24.000" value="FrameRate" tracktype="General" occurrence="*" operator="=">24.000</rule>
  <rule name="Video/Format is FFV1" value="Format" tracktype="Video" occurrence="*" operator="=">FFV1</rule>
  <rule name="Video/Format_Version is 3.4" value="Format_Version" tracktype="Video" occurrence="*" operator="=">3.4</rule>
  <rule name="Video/Format_Settings_GOP is N=1" value="Format_Settings_GOP" tracktype="Video" occurrence="*" operator="=">N=1</rule>
  <rule name="Video/CodecID is V_MS/VFW/FOURCC / FFV1" value="CodecID" tracktype="Video" occurrence="*" operator="=">V_MS/VFW/FOURCC / FFV1</rule>
  <rule name="Video/Width is 1920" value="Width" tracktype="Video" occurrence="*" operator="=">1920</rule>
  <rule name="Video/Height is 1080" value="Height" tracktype="Video" occurrence="*" operator="=">1080</rule>
  <rule name="Video/PixelAspectRatio is 1.000" value="PixelAspectRatio" tracktype="Video" occurrence="*" operator="=">1.000</rule>
  <rule name="Video/DisplayAspectRatio is 1.778" value="DisplayAspectRatio" tracktype="Video" occurrence="*" operator="=">1.778</rule>
  <rule name="Video/FrameRate_Mode is CFR" value="FrameRate_Mode" tracktype="Video" occurrence="*" operator="=">CFR</rule>
  <rule name="Video/FrameRate is 24.000" value="FrameRate" tracktype="Video" occurrence="*" operator="=">24.000</rule>
  <rule name="Video/ColorSpace is YUV" value="ColorSpace" tracktype="Video" occurrence="*" operator="=">YUV</rule>
  <rule name="Video/ChromaSubsampling is 4:2:2" value="ChromaSubsampling" tracktype="Video" occurrence="*" operator="=">4:2:2</rule>
  <rule name="Video/BitDepth is 10" value="BitDepth" tracktype="Video" occurrence="*" operator="=">10</rule>
  <rule name="Video/ScanType is Progressive" value="ScanType" tracktype="Video" occurrence="*" operator="=">Progressive</rule>
  <rule name="Video/Compression_Mode is Lossless" value="Compression_Mode" tracktype="Video" occurrence="*" operator="=">Lossless</rule>
  <rule name="Video/colour_description_present is Yes" value="colour_description_present" tracktype="Video" occurrence="*" operator="=">Yes</rule>
  <rule name="Video/colour_primaries is BT.709" value="colour_primaries" tracktype="Video" occurrence="*" operator="=">BT.709</rule>
  <rule name="Video/transfer_characteristics is BT.709" value="transfer_characteristics" tracktype="Video" occurrence="*" operator="=">BT.709</rule>
  <rule name="Video/matrix_coefficients is BT.709" value="matrix_coefficients" tracktype="Video" occurrence="*" operator="=">BT.709</rule>
</policy>
