<?xml version="1.0"?>
<policy type="and" name="P0391-CAGE-B154I11_v01s01-a.wav">
  <rule name="General/AudioCount is 1" value="AudioCount" tracktype="General" occurrence="*" operator="=">1</rule>
  <rule name="General/FileExtension is wav" value="FileExtension" tracktype="General" occurrence="*" operator="=">wav</rule>
  <rule name="General/Format is Wave" value="Format" tracktype="General" occurrence="*" operator="=">Wave</rule>
  <rule name="General/OverallBitRate_Mode is CBR" value="OverallBitRate_Mode" tracktype="General" occurrence="*" operator="=">CBR</rule>
  <rule name="General/EncodedBy is Northwestern University" value="EncodedBy" tracktype="General" occurrence="*" operator="=">Northwestern University</rule>
  <rule name="General/Archival_Location is Northwestern University" value="Archival_Location" tracktype="General" occurrence="*" operator="=">Northwestern University</rule>
  <rule name="General/Encoded_Library_Settings is A=ANALOG,M=stereo,T=Yamaha C300; E034942RT; Type II; Dolby B / A=PCM,F=96000,W=24,M=stereo,T=Metric Halo LIO8; 44572; A/D / A=PCM,F=96000,W=24,M=stereo,T=Metric Halo LIO8; 44572; DIO / A=PCM,F=96000,W=24,M=stereo,T=BWFMetaEdit 21.07" value="Encoded_Library_Settings" tracktype="General" occurrence="*" operator="exists">A=ANALOG,M=stereo,T=Yamaha C300; E034942RT; Type II; Dolby B / A=PCM,F=96000,W=24,M=stereo,T=Metric Halo LIO8; 44572; A/D / A=PCM,F=96000,W=24,M=stereo,T=Metric Halo LIO8; 44572; DIO / A=PCM,F=96000,W=24,M=stereo,T=BWFMetaEdit 21.07</rule>
  <rule name="General/OriginalSourceForm is cassette" value="OriginalSourceForm" tracktype="General" occurrence="*" operator="exists">cassette</rule>
  <rule name="General/Copyright is For rights and usage information please contact Northwestern University Libraries" value="Copyright" tracktype="General" occurrence="*" operator="=">For rights and usage information please contact Northwestern University Libraries</rule>
  <rule name="Audio/Format is PCM" value="Format" tracktype="Audio" occurrence="*" operator="=">PCM</rule>
  <rule name="Audio/Format_Settings_Endianness is Little" value="Format_Settings_Endianness" tracktype="Audio" occurrence="*" operator="=">Little</rule>
  <rule name="Audio/Format_Settings_Sign is Signed" value="Format_Settings_Sign" tracktype="Audio" occurrence="*" operator="=">Signed</rule>
  <rule name="Audio/CodecID is 1" value="CodecID" tracktype="Audio" occurrence="*" operator="=">1</rule>
  <rule name="Audio/BitRate_Mode is CBR" value="BitRate_Mode" tracktype="Audio" occurrence="*" operator="=">CBR</rule>
  <rule name="Audio/Channels is 2" value="Channels" tracktype="Audio" occurrence="*" operator="&gt;">0</rule>
  <rule name="Audio/SamplingRate is 44100" value="SamplingRate" tracktype="Audio" occurrence="*" operator="=">44100</rule>
  <rule name="Audio/BitDepth is 16" value="BitDepth" tracktype="Audio" occurrence="*" operator="=">16</rule>
  <rule name="Audio/Delay_Source is Container (bext)" value="Delay_Source" tracktype="Audio" occurrence="*" operator="=">Container (bext)</rule>
</policy>
