<?xml version="1.0"?>
<policy type="and" name="HD_Film_Scan_w_Sound-MOV">
  <rule name="General/FileExtension is mov" value="FileExtension" tracktype="General" occurrence="*" operator="=">mov</rule>
  <rule name="General/Format is MPEG-4" value="Format" tracktype="General" occurrence="*" operator="=">MPEG-4</rule>
  <rule name="General/Format_Profile is QuickTime" value="Format_Profile" tracktype="General" occurrence="*" operator="=">QuickTime</rule>
  <rule name="General/CodecID is qt  " value="CodecID" tracktype="General" occurrence="*" operator="=">qt  </rule>
  <rule name="General/FrameRate is 24.000" value="FrameRate" tracktype="General" occurrence="*" operator="=">24.000</rule>
  <rule name="Video/Format is YUV" value="Format" tracktype="Video" occurrence="*" operator="=">YUV</rule>
  <rule name="Video/CodecID is v210" value="CodecID" tracktype="Video" occurrence="*" operator="=">v210</rule>
  <rule name="Video/BitRate_Mode is CBR" value="BitRate_Mode" tracktype="Video" occurrence="*" operator="=">CBR</rule>
  <rule name="Video/Width is 1920" value="Width" tracktype="Video" occurrence="*" operator="=">1920</rule>
  <rule name="Video/Width_CleanAperture is 1888" value="Width_CleanAperture" tracktype="Video" occurrence="*" operator="=">1888</rule>
  <rule name="Video/Height is 1080" value="Height" tracktype="Video" occurrence="*" operator="=">1080</rule>
  <rule name="Video/PixelAspectRatio is 1.000" value="PixelAspectRatio" tracktype="Video" occurrence="*" operator="=">1.000</rule>
  <rule name="Video/DisplayAspectRatio is 1.778" value="DisplayAspectRatio" tracktype="Video" occurrence="*" operator="=">1.778</rule>
  <rule name="Video/Rotation is 0.000" value="Rotation" tracktype="Video" occurrence="*" operator="=">0.000</rule>
  <rule name="Video/FrameRate_Mode is CFR" value="FrameRate_Mode" tracktype="Video" occurrence="*" operator="=">CFR</rule>
  <rule name="Video/FrameRate is 24.000" value="FrameRate" tracktype="Video" occurrence="*" operator="=">24.000</rule>
  <rule name="Video/ColorSpace is YUV" value="ColorSpace" tracktype="Video" occurrence="*" operator="=">YUV</rule>
  <rule name="Video/ChromaSubsampling is 4:2:2" value="ChromaSubsampling" tracktype="Video" occurrence="*" operator="=">4:2:2</rule>
  <rule name="Video/BitDepth is 10" value="BitDepth" tracktype="Video" occurrence="*" operator="=">10</rule>
  <rule name="Video/Compression_Mode is Lossless" value="Compression_Mode" tracktype="Video" occurrence="*" operator="=">Lossless</rule>
  <rule name="Video/colour_primaries is BT.709" value="colour_primaries" tracktype="Video" occurrence="*" operator="=">BT.709</rule>
  <rule name="Video/transfer_characteristics is BT.709" value="transfer_characteristics" tracktype="Video" occurrence="*" operator="=">BT.709</rule>
  <rule name="Video/matrix_coefficients is BT.709" value="matrix_coefficients" tracktype="Video" occurrence="*" operator="=">BT.709</rule>
  <rule name="Audio/Format is PCM" value="Format" tracktype="Audio" occurrence="*" operator="=">PCM</rule>
  <rule name="Audio/CodecID is in24" value="CodecID" tracktype="Audio" occurrence="*" operator="=">in24</rule>
  <rule name="Audio/SamplingRate is 48000" value="SamplingRate" tracktype="Audio" occurrence="*" operator="=">48000</rule>
  <rule name="Audio/BitDepth is 24" value="BitDepth" tracktype="Audio" occurrence="*" operator="=">24</rule>
</policy>
